Model,Dataset,PSNR_Avg,SSIM_Avg,PI_Avg,NIQE_Avg,LPIPS_Avg,Count
DEFAULT,BSD100,24.4967,0.7107,2.7993,3.8602,0.2419,3
LightweightDiscriminator,BSD100,24.9767,0.7224,3.1448,4.7666,0.2255,3
NextSRGAN,BSD100,25.4,0.7282,3.2083,4.7,0.225,3
PatchGAN,BSD100,25.1333,0.7284,3.0827,4.5001,0.2348,3
UltraFastQualityDiscriminatorModel,BSD100,25.44,0.7308,3.278,4.7693,0.242,3
UltraFastQualityDiscriminator_64,BSD100,25.3333,0.7287,3.1196,4.5151,0.2406,3
UltraLightDiscriminator_V1,BSD100,25.2767,0.7285,3.0718,4.5577,0.2281,3
UltraLightDiscriminator_V2,BSD100,25.29,0.7266,3.2615,4.8675,0.2317,3
DEFAULT,Set5,25.4633,0.8072,3.7659,5.1399,0.159,3
LightweightDiscriminator,Set5,26.4367,0.8331,4.0008,5.9398,0.1417,3
NextSRGAN,Set5,26.7267,0.8274,4.1145,5.6729,0.1305,3
PatchGAN,Set5,26.74,0.8274,3.9161,5.5722,0.1298,3
UltraFastQualityDiscriminatorModel,Set5,26.6467,0.8324,4.0687,5.8705,0.139,3
UltraFastQualityDiscriminator_64,Set5,26.6467,0.827,3.9964,5.698,0.1426,3
UltraLightDiscriminator_V1,Set5,26.5,0.8312,3.9665,5.707,0.1355,3
UltraLightDiscriminator_V2,Set5,26.9433,0.8361,4.0705,5.802,0.1323,3
DEFAULT,Set14,24.1233,0.7435,3.3189,4.1626,0.1919,3
LightweightDiscriminator,Set14,24.65,0.7493,3.5094,4.8246,0.1774,3
NextSRGAN,Set14,25.1867,0.7581,3.5994,4.702,0.1696,3
PatchGAN,Set14,25.0233,0.7562,3.4234,4.4371,0.1741,3
UltraFastQualityDiscriminatorModel,Set14,24.9167,0.7568,3.6055,4.754,0.1853,3
UltraFastQualityDiscriminator_64,Set14,25.0,0.7528,3.5766,4.6283,0.1849,3
UltraLightDiscriminator_V1,Set14,24.9467,0.7545,3.4431,4.5554,0.1766,3
UltraLightDiscriminator_V2,Set14,25.1067,0.7575,3.6636,4.9246,0.1789,3
DEFAULT,Urban100,22.87,0.7569,3.9242,5.2382,0.1648,2
LightweightDiscriminator,Urban100,23.57,0.7724,4.1972,5.8306,0.1613,2
NextSRGAN,Urban100,23.795,0.7687,4.2412,5.6541,0.1698,2
PatchGAN,Urban100,23.755,0.77,4.2057,5.7079,0.1681,2
UltraFastQualityDiscriminatorModel,Urban100,23.48,0.7693,4.2175,5.7263,0.1675,2
UltraFastQualityDiscriminator_64,Urban100,23.66,0.7697,4.0791,5.4436,0.1691,2
UltraLightDiscriminator_V1,Urban100,23.705,0.7772,4.181,5.7005,0.1621,2
UltraLightDiscriminator_V2,Urban100,23.665,0.7702,4.1542,5.6601,0.1641,2
