Model,Scale,PSNR_Avg,SSIM_Avg,PI_Avg,NIQE_Avg,LPIPS_Avg,Count
DEFAULT,2x,25.075,0.8005,3.4628,4.8095,0.1578,4
DEFAULT,3x,24.66,0.7532,3.3069,4.3962,0.1993,3
DEFAULT,4x,23.4275,0.7091,3.4323,4.3845,0.2197,4
LightweightDiscriminator,2x,25.9575,0.8204,3.6596,5.4291,0.1406,4
LightweightDiscriminator,3x,25.3233,0.7678,3.5629,5.1753,0.1819,3
LightweightDiscriminator,4x,23.8825,0.7186,3.7581,5.2529,0.2122,4
NextSRGAN,2x,26.2375,0.8207,3.7324,5.3035,0.1369,4
NextSRGAN,3x,25.72,0.7702,3.6809,5.0745,0.1759,3
NextSRGAN,4x,24.355,0.7213,3.8191,5.0239,0.2098,4
PatchGAN,2x,26.045,0.8196,3.6572,5.314,0.1404,4
PatchGAN,3x,25.58,0.7698,3.4383,4.7544,0.181,3
PatchGAN,4x,24.32,0.722,3.6836,4.8562,0.2119,4
UltraFastQualityDiscriminatorModel,2x,26.03,0.8203,3.6469,5.2604,0.1484,4
UltraFastQualityDiscriminatorModel,3x,25.6133,0.7725,3.7143,5.2212,0.1902,3
UltraFastQualityDiscriminatorModel,4x,24.2525,0.725,3.8902,5.2322,0.2174,4
UltraFastQualityDiscriminator_64,2x,26.1075,0.8174,3.6249,5.1852,0.1473,4
UltraFastQualityDiscriminator_64,3x,25.6033,0.7681,3.5841,4.9558,0.1911,3
UltraFastQualityDiscriminator_64,4x,24.255,0.7228,3.746,4.9508,0.22,4
UltraLightDiscriminator_V1,2x,26.1425,0.823,3.6152,5.2113,0.1416,4
UltraLightDiscriminator_V1,3x,25.5367,0.7707,3.5081,4.9482,0.181,3
UltraLightDiscriminator_V1,4x,24.1,0.7233,3.7052,5.0429,0.2089,4
UltraLightDiscriminator_V2,2x,26.245,0.822,3.72,5.3804,0.1418,4
UltraLightDiscriminator_V2,3x,25.7333,0.7729,3.6889,5.2211,0.182,3
UltraLightDiscriminator_V2,4x,24.2925,0.7236,3.8371,5.2294,0.2109,4
