Model,Dataset,Scale,PSNR_Avg,SSIM_Avg,PI_Avg,NIQE_Avg,LPIPS_Avg,Count
DEFAULT,BSD100,2x,25.3,0.7622,2.8485,4.0568,0.2081,1
DEFAULT,BSD100,3x,24.45,0.7083,2.8045,3.8391,0.2457,1
DEFAULT,BSD100,4x,23.74,0.6617,2.745,3.6848,0.2718,1
LightweightDiscriminator,BSD100,2x,25.98,0.7798,3.1411,4.873,0.1869,1
LightweightDiscriminator,BSD100,3x,24.93,0.72,3.119,4.6912,0.2293,1
LightweightDiscriminator,BSD100,4x,24.02,0.6674,3.1744,4.7356,0.2604,1
NextSRGAN,BSD100,2x,26.31,0.7831,3.1481,4.7606,0.1846,1
NextSRGAN,BSD100,3x,25.34,0.7255,3.2519,4.757,0.2295,1
NextSRGAN,BSD100,4x,24.55,0.6761,3.2249,4.5824,0.2608,1
PatchGAN,BSD100,2x,25.98,0.7817,3.056,4.6451,0.1943,1
PatchGAN,BSD100,3x,25.07,0.7255,3.0725,4.4629,0.2401,1
PatchGAN,BSD100,4x,24.35,0.6781,3.1196,4.3924,0.2701,1
UltraFastQualityDiscriminatorModel,BSD100,2x,26.33,0.7845,3.0887,4.6203,0.2036,1
UltraFastQualityDiscriminatorModel,BSD100,3x,25.37,0.7277,3.3281,4.8318,0.2464,1
UltraFastQualityDiscriminatorModel,BSD100,4x,24.62,0.6803,3.4171,4.8559,0.2761,1
UltraFastQualityDiscriminator_64,BSD100,2x,26.22,0.7815,3.0417,4.5349,0.2008,1
UltraFastQualityDiscriminator_64,BSD100,3x,25.27,0.7257,3.1498,4.5366,0.2457,1
UltraFastQualityDiscriminator_64,BSD100,4x,24.51,0.679,3.1673,4.4738,0.2754,1
UltraLightDiscriminator_V1,BSD100,2x,26.29,0.7838,3.0207,4.589,0.1936,1
UltraLightDiscriminator_V1,BSD100,3x,25.22,0.7259,3.0889,4.5676,0.2319,1
UltraLightDiscriminator_V1,BSD100,4x,24.32,0.6759,3.1059,4.5166,0.2588,1
UltraLightDiscriminator_V2,BSD100,2x,26.24,0.7817,3.1863,4.8665,0.1929,1
UltraLightDiscriminator_V2,BSD100,3x,25.23,0.724,3.2967,4.9139,0.236,1
UltraLightDiscriminator_V2,BSD100,4x,24.4,0.6741,3.3014,4.822,0.2663,1
DEFAULT,Set5,2x,26.49,0.8445,3.6608,5.0351,0.1373,1
DEFAULT,Set5,3x,25.44,0.809,3.776,5.1936,0.1587,1
DEFAULT,Set5,4x,24.46,0.7681,3.8609,5.1911,0.1809,1
LightweightDiscriminator,Set5,2x,27.82,0.8738,3.7912,5.6875,0.1196,1
LightweightDiscriminator,Set5,3x,26.4,0.8344,4.0704,6.0577,0.1398,1
LightweightDiscriminator,Set5,4x,25.09,0.791,4.1407,6.0742,0.1657,1
NextSRGAN,Set5,2x,27.9,0.8673,3.975,5.5376,0.1097,1
NextSRGAN,Set5,3x,26.68,0.8283,4.1312,5.6844,0.1286,1
NextSRGAN,Set5,4x,25.6,0.7866,4.2372,5.7967,0.1532,1
PatchGAN,Set5,2x,27.73,0.8663,3.9019,5.8047,0.1098,1
PatchGAN,Set5,3x,26.71,0.8291,3.824,5.4148,0.1282,1
PatchGAN,Set5,4x,25.78,0.7867,4.0225,5.497,0.1515,1
UltraFastQualityDiscriminatorModel,Set5,2x,27.77,0.8696,3.8207,5.5714,0.1155,1
UltraFastQualityDiscriminatorModel,Set5,3x,26.59,0.8341,4.1444,6.0273,0.1389,1
UltraFastQualityDiscriminatorModel,Set5,4x,25.58,0.7934,4.241,6.0127,0.1626,1
UltraFastQualityDiscriminator_64,Set5,2x,27.87,0.8651,3.8481,5.6267,0.1157,1
UltraFastQualityDiscriminator_64,Set5,3x,26.58,0.8273,4.001,5.7105,0.1425,1
UltraFastQualityDiscriminator_64,Set5,4x,25.49,0.7886,4.1401,5.7567,0.1695,1
UltraLightDiscriminator_V1,Set5,2x,27.76,0.8709,3.7818,5.4275,0.1142,1
UltraLightDiscriminator_V1,Set5,3x,26.47,0.8327,4.0026,5.7618,0.134,1
UltraLightDiscriminator_V1,Set5,4x,25.27,0.79,4.115,5.9316,0.1583,1
UltraLightDiscriminator_V2,Set5,2x,28.18,0.8746,3.8968,5.5084,0.1109,1
UltraLightDiscriminator_V2,Set5,3x,26.9,0.8378,4.0861,5.8382,0.1312,1
UltraLightDiscriminator_V2,Set5,4x,25.75,0.7959,4.2285,6.0595,0.1549,1
DEFAULT,Set14,2x,24.92,0.7898,3.2969,4.3109,0.1626,1
DEFAULT,Set14,3x,24.09,0.7423,3.3401,4.1558,0.1936,1
DEFAULT,Set14,4x,23.36,0.6985,3.3198,4.0211,0.2195,1
LightweightDiscriminator,Set14,2x,25.56,0.7993,3.5157,4.946,0.1462,1
LightweightDiscriminator,Set14,3x,24.64,0.749,3.4993,4.7771,0.1767,1
LightweightDiscriminator,Set14,4x,23.75,0.6996,3.5131,4.7506,0.2093,1
NextSRGAN,Set14,2x,26.11,0.809,3.5168,4.762,0.1369,1
NextSRGAN,Set14,3x,25.14,0.7567,3.6597,4.7821,0.1695,1
NextSRGAN,Set14,4x,24.31,0.7086,3.6217,4.5619,0.2023,1
PatchGAN,Set14,2x,25.89,0.8062,3.4217,4.6089,0.1417,1
PatchGAN,Set14,3x,24.96,0.7547,3.4183,4.3856,0.1748,1
PatchGAN,Set14,4x,24.22,0.7076,3.4302,4.3167,0.2059,1
UltraFastQualityDiscriminatorModel,Set14,2x,25.75,0.8049,3.4468,4.6961,0.1549,1
UltraFastQualityDiscriminatorModel,Set14,3x,24.88,0.7557,3.6703,4.8044,0.1853,1
UltraFastQualityDiscriminatorModel,Set14,4x,24.12,0.7098,3.6993,4.7616,0.2156,1
UltraFastQualityDiscriminator_64,Set14,2x,25.87,0.8011,3.5258,4.7422,0.1522,1
UltraFastQualityDiscriminator_64,Set14,3x,24.96,0.7514,3.6016,4.6202,0.1852,1
UltraFastQualityDiscriminator_64,Set14,4x,24.17,0.7059,3.6024,4.5225,0.2172,1
UltraLightDiscriminator_V1,Set14,2x,25.9,0.8047,3.4523,4.6858,0.1457,1
UltraLightDiscriminator_V1,Set14,3x,24.92,0.7535,3.4329,4.5152,0.177,1
UltraLightDiscriminator_V1,Set14,4x,24.02,0.7054,3.4442,4.4653,0.2072,1
UltraLightDiscriminator_V2,Set14,2x,26.03,0.807,3.6228,5.0558,0.1483,1
UltraLightDiscriminator_V2,Set14,3x,25.07,0.757,3.684,4.9111,0.1787,1
UltraLightDiscriminator_V2,Set14,4x,24.22,0.7085,3.6841,4.8069,0.2096,1
DEFAULT,Urban100,2x,23.59,0.8054,4.045,5.8354,0.123,1
DEFAULT,Urban100,4x,22.15,0.7083,3.8034,4.6411,0.2067,1
LightweightDiscriminator,Urban100,2x,24.47,0.8285,4.1902,6.2099,0.1095,1
LightweightDiscriminator,Urban100,4x,22.67,0.7163,4.2042,5.4512,0.2132,1
NextSRGAN,Urban100,2x,24.63,0.8234,4.2898,6.1538,0.1164,1
NextSRGAN,Urban100,4x,22.96,0.714,4.1926,5.1544,0.2231,1
PatchGAN,Urban100,2x,24.58,0.8244,4.2492,6.1972,0.1158,1
PatchGAN,Urban100,4x,22.93,0.7156,4.1622,5.2186,0.2203,1
UltraFastQualityDiscriminatorModel,Urban100,2x,24.27,0.8221,4.2316,6.1539,0.1198,1
UltraFastQualityDiscriminatorModel,Urban100,4x,22.69,0.7166,4.2034,5.2986,0.2152,1
UltraFastQualityDiscriminator_64,Urban100,2x,24.47,0.8218,4.084,5.8372,0.1205,1
UltraFastQualityDiscriminator_64,Urban100,4x,22.85,0.7176,4.0742,5.05,0.2178,1
UltraLightDiscriminator_V1,Urban100,2x,24.62,0.8324,4.2061,6.1429,0.113,1
UltraLightDiscriminator_V1,Urban100,4x,22.79,0.7221,4.1558,5.2582,0.2112,1
UltraLightDiscriminator_V2,Urban100,2x,24.53,0.8247,4.1742,6.0908,0.1153,1
UltraLightDiscriminator_V2,Urban100,4x,22.8,0.7158,4.1342,5.2293,0.2129,1
