Model,PSNR_Avg,SSIM_Avg,PI_Avg,NIQE_Avg,LPIPS_Avg,Count,Avg_Params_M,Avg_Model_Size_MB,Avg_Processing_Time_Seconds,Avg_CPU_Usage,Avg_RAM_Usage,Avg_GPU_Usage
DEFAULT,24.3627,0.7544,3.4092,4.5423,0.1916,11,16.7,63.7,173.5,1.4,60.3,26.1
LightweightDiscriminator,25.03,0.769,3.669,5.2958,0.1779,11,16.7,63.7,170.0,4.1,64.3,34.1
NextSRGAN,25.4118,0.7708,3.7499,5.1394,0.1741,11,16.7,63.7,169.2,1.6,60.7,27.2
PatchGAN,25.2909,0.7705,3.6071,4.9949,0.1775,11,16.7,63.7,170.1,1.8,60.6,22.9
UltraFastQualityDiscriminatorModel,25.27,0.7726,3.7538,5.2395,0.1849,11,16.7,63.7,171.1,1.6,60.3,21.5
UltraFastQualityDiscriminator_64,25.2964,0.7695,3.6578,5.0374,0.1857,11,16.7,63.7,168.7,5.6,61.5,25.1
UltraLightDiscriminator_V1,25.2345,0.7725,3.6187,5.0783,0.1768,11,16.7,63.7,176.3,4.9,52.3,25.6
UltraLightDiscriminator_V2,25.3955,0.7728,3.7541,5.282,0.1779,11,16.7,63.7,167.8,2.0,60.4,25.1
